"","road","home","lineopen","line","linehow","linedokter","linebihl","linemidweek","linekeep","lineatom","lineargh","linecong","linebillings","lineharville","linecather","linepiratings","linepimean","linepibias","linefei","linerwp","linemassey","lineclean","linebmc","linedonchess","linepugh","linedwig","linefpi","linetalis","lineround","neutral","linesag","linesagr","linesagpred","linesaggm","linepfz","linemoore","lineelo","lineborn","linefox","linelaz","linepig","linekam","linel2hf","linepayne","linepaynep","linepaynewl","lineash","linesuper","linecovers","linekerns","lineteamrank","linel2","linelog","linecons","lineloud","linecurry","linedunk","linewayward","linem2","linemarsee","linebillings2","lineavg","linestd","linemedian","phcover","phwin","lineca"
"1","Nevada","Air Force",24.5,24,8.5,24.19,NA,24,27.4,NA,15,23.74,7.9,10.73,22,19.1,17.1,20.3,10.2,11.89,11.99,7,11.88998,20,19.42,20,17.403797544,11.74,19,0,15.96,22.43,12.65,11.15,16.77,9.9,11.534832684,19.25,15,9.76,24,12.0534,NA,15.47,22.61,11.63,NA,NA,NA,6.15,19.9,NA,NA,18.977,12,16.99,4.972,9.4,NA,NA,NA,15.419790936,5.5847576697,15.47,0.3566335286,0.8194013556,23
"2","Vanderbilt","Alabama",41,40.5,38.5,38.06,NA,40.5,36.32,NA,28,35.11,23.137,31.73,38,37.1,35,39.9,33.7,17.81,27.31,28,39.04,27,41.35,35,36.504615911,36.12,21,0,32.77,40.46,27.73,32.11,21.6,33.78,20.29875403,41.95,45,27.19,41,37.8422,NA,27.19,36.75,22.05,NA,NA,NA,21,39.7,NA,NA,29.162,16,41.02,31.711,37.17,NA,NA,NA,32.81803651,7.010563893,35,0.3730774317,0.9702774278,39.5
"3","Utah","Arizona St.",-15,-15.5,-7.5,-8.53,NA,-15.5,-24.28,NA,-9,-16.95,-3.501,-10.99,-19,-11.5,-10.7,-12.5,-14.7,-8.04,-8.28,-3.5,-15.69999,-8.5,-16.12,-15,-13.73524635,-12.98,-6,0,-12.79,-18.4,-11.12,-9.07,-16.75,-6.02,-9.489891141,-17.75,-13,-2,-18,-10.2579,NA,-9.25,-15.3,-6,NA,NA,NA,-24.9,-16.8,NA,NA,-15.3685,-14,-14.02,-18.104,-5.41,NA,NA,NA,-12.25131459,5.2733513244,-12.5,0.5554992106,0.2327551982,-15.5
"4","Missouri","Auburn",7,7,8,10.09,NA,7,6.17,NA,7,7.77,6.014,6.15,11,8.5,6.7,8.3,8.5,-1.67,7.81,5.5,6.369979,13.7,10.1,13,8.0704056085,10.58,16,0,5.7,5.72,4.73,7.67,-2.58,7.85,6.981678878,11.15,11,11.35,10,12.3855,NA,7.23,6.99,7.36,NA,NA,NA,-7.05,6.2,NA,NA,9.7685,7,9.98,9.167,9.22,NA,NA,NA,7.7785363602,4.0521834403,7.85,0.5134833012,0.6819000883,7
"5","Wyoming","BYU",20.5,22.5,12.5,27.93,NA,22.5,22.21,NA,14,31.59,8.331,14.59,17,28.7,24.5,27.2,11.3,7.54,14.85,21.5,26.19998,24.5,17.55,26,21.33882576,22.34,1,0,14.7,17.19,14.35,13.6,14.1,16.66,14.70328002,14.55,18,20.05,24,19.7797,NA,12.42,23.99,6.19,NA,NA,NA,16.8,23.5,NA,NA,21.07,2,10.9,9.026,14.31,NA,NA,NA,17.733925251,6.6911657162,17,0.4201050825,0.8475474066,22.5
"6","Arizona","California",5.5,3,8,6.29,NA,3,5.55,NA,5,2.36,1.959,7.74,7,4.8,5,6.2,6.4,5.31,10.84,8.5,4.459998,5.3,8.56,10,6.8895220782,12.92,10,0,4.82,3.71,6.16,6.08,10.82,6.13,-1.00874237,8.55,15,11.15,0.01,12.8136,NA,9.32,15.15,6.17,NA,NA,NA,1.5,7.4,NA,NA,9.4045,4,6.36,6.838,11.25,NA,NA,NA,7.1324622723,3.5826665089,6.4,0.571439804,0.6688116466,4
"7","Georgia Tech","Central Florida",18,20.5,18.5,20.01,NA,20.5,42.99,NA,18,23.72,12.132,15.25,24,17.1,18.1,19.9,16.9,17.34,13.09,18,22.88994,17,19.05,24,21.340733718,20.14,12,0,18.73,22.42,19.88,15.01,33.44,20.46,13.219750563,23.45,22,9.07,20,16.0095,NA,16.44,28.81,9.79,NA,NA,NA,42,22.9,NA,NA,23.121,20,15.27,17.194,20.67,NA,NA,NA,20.031091262,6.8442924208,19.05,0.4921014232,0.8759284871,20.5
"8","Indiana","Cincinnati",14,16.5,13.5,15.08,NA,16.5,23.83,NA,8,25.72,11.27,10.37,28,13.2,13.3,17.7,11.1,16.51,9.37,33.5,11.58,11.1,15.44,13,16.735592324,28.12,-7,0,12.28,16.16,9.72,10,13.18,10.34,16.459133161,22.25,28,13.77,17,21.5878,NA,9.44,19.48,4.04,NA,NA,NA,3.1,16.4,NA,NA,16.198,1,19.48,21.258,9.48,NA,NA,NA,15.094151755,7.4134436304,13.77,0.47650061,0.8047560972,16.5
"9","UCLA","Colorado",-20.5,-21.5,-15.5,-13.2,NA,-21.5,-24.58,NA,-13,-4.44,-6.767,-17.01,-17,-12,-13.9,-14.7,-18.5,-10.73,-8.82,-16.5,-19.19003,-8.4,-15.48,-26,-15.57663599,-15.96,-24,0,-14.49,-16.07,-18.31,-13.5,-38.09,-12.72,-17.78906357,-20.95,-16,-6.83,-18,-17.9426,NA,-17.6,-24.68,-13.8,NA,NA,NA,-28.8,-20.1,NA,NA,-22.5085,-40,-16.57,-23.157,-13.91,NA,NA,NA,-16.81560069,6.2051236304,-16.07,0.578982204,0.1627517567,-20.5
"10","Navy","East Carolina",16.5,16.5,12.5,12.66,NA,16.5,30.63,NA,16,22.89,11.514,21.57,22,16.2,16.9,19.2,5.7,13.31,8.01,16.5,22.21996,8.6,18.97,36,18.450923274,12.51,39,0,16.2,22.63,14.82,9.92,29.89,19.05,26.656818431,24.55,16,3.39,23,16.5812,NA,26.65,36.49,21.35,NA,NA,NA,25.95,22.8,NA,NA,23.8315,31,17.3,18.994,11.67,NA,NA,NA,19.280427947,7.9053437337,18.97,0.5460950577,0.8607646618,16.5
"11","Buffalo","Eastern Mich.",4,6.5,11,5.55,NA,6.5,13.85,NA,12,17.46,12.937,10.38,13,9.5,7.6,7.7,2.9,18.1,3.2,10.5,-0.6600006,7.3,4.26,8,4.4061879067,10.29,17,0,7.7,11.36,4.37,5.65,9.97,4.13,15.110360558,15.75,8,2.04,12,7.0995,NA,16.72,10.72,19.95,NA,NA,NA,6.6,6.7,NA,NA,11.6655,13,14.1,13.318,2.05,NA,NA,NA,9.5645708806,4.9015223067,9.97,0.5525553007,0.7168872184,6.5
"12","Boston College","Florida St.",16,17.5,12.5,12.28,NA,17.5,30.67,NA,15,12.71,13.374,15.55,17,17.1,14.9,17.7,11.2,11,9.18,8,19.31994,7,13.25,23,17.984919895,16.23,26,0,16.43,20.19,17.07,12.39,21.11,10.49,17.493818515,18.65,12,5.07,17,14.6284,NA,17.94,19.82,16.94,NA,NA,NA,4.3,16.7,NA,NA,24.4475,18,16.7,17.601,12.26,NA,NA,NA,15.585571591,5.235604375,16.43,0.4672134536,0.8235754439,17.5
"13","Kent","Georgia",43,45,37,38.6,NA,45,47.92,NA,26,41.3,22.873,40.05,53,50.2,46.4,51.5,52.6,19.21,35.69,25.5,52.48998,32.5,45.63,53,41.090663666,49.12,24,0,31.78,37.04,30.8,31.22,36.73,34.8,43.707714943,48.65,49,33.63,42,57.7039,NA,29.27,31.58,28.04,NA,NA,NA,74,42,NA,NA,38.0835,29,53.23,60.38,44.56,NA,NA,NA,41.020436247,11.387742887,41.090663666,0.4376792981,0.9818783041,45
"14","Ball St.","Georgia Southern",9,9.5,8,7.59,NA,9.5,18.31,NA,6,3.94,2.863,10.72,12,9.9,8.4,10.4,5.3,3.37,8.06,2.5,12.46,3.7,8.79,19,14.616722115,6.7,11,0,7.39,8.27,9.62,4.66,13.27,6.27,5.794451241,9.85,9,-1.01,10,9.0682,NA,7.53,20.92,0.33,NA,NA,NA,30.3,13.5,NA,NA,9.7685,20,1.74,8.672,6.77,NA,NA,NA,8.9612296129,5.6870499749,8.4,0.4908051887,0.7017954986,9.5
"15","Coastal Carolina","Georgia St.",-1.5,-2,-16,2.88,NA,-2,-5.73,NA,-9,13.24,-9.529,-8.88,14,6.4,4.1,6.5,-11.9,-1.31,-1.03,-7,-6.770024,1.8,-5.82,-9,0.8015825024,1.47,-21,0,-5.97,-5.16,-9.17,-6.81,-7.37,-6.92,-5.632426795,0.95,0.01,-2.03,-5,-17.6866,NA,-12.33,-7.18,-15.11,NA,NA,NA,-11.35,-2.3,NA,NA,-10.283,-21,-3.45,-7.408,-7.03,NA,NA,NA,-4.860871356,7.3382174431,-5.97,0.4522196278,0.3908740916,-2
"16","Rice","Houston",17,17.5,11,19.9,NA,17.5,11.67,NA,8,22.08,13.539,9.55,19,20.5,20.1,21.8,15.6,15.63,12.88,29,23.09002,18,15.52,20,15.504400336,22.19,-14,0,13.79,11.4,16.49,18.39,-6.1,9.05,8.135969494,11.45,23,18.06,18,17.6119,NA,7.86,15.54,3.72,NA,NA,NA,17.8,17.2,NA,NA,13.979,-12,17.49,17.183,12.84,NA,NA,NA,14.731239298,7.4910931893,15.63,0.4538426063,0.7985690745,17.5
"17","Baylor","Iowa St.",0,2.5,8,-1.81,NA,2.5,1.92,NA,7,-11.19,-1.143,2.38,2,-2.6,-1.3,-1.5,4.1,-0.68,2.9,-0.5,4.379996,0.01,2.36,-1,-0.956155631,1.01,13,0,2.21,1.87,3.01,1.76,14.13,5.06,4.424057104,0.65,2,5.43,-2,10.8483,NA,4.12,-2.75,7.81,NA,NA,NA,6.2,-3.1,NA,NA,5.0015,2,-2.36,0.362,11.77,NA,NA,NA,2.3934115691,4.7981994975,2,0.4981650583,0.557170904,2.5
"18","Duke","Kansas",8.5,7.5,3.5,7.09,NA,7.5,18.57,NA,11,15.81,14.128,9.05,21,17.5,13.2,17.8,-0.4,14.51,8.94,7,9.710013,8.1,9.67,20,8.3537464677,29.12,5,0,7.84,9.31,9.08,5.7,13.17,1.49,11.826678479,17.65,15,3.51,16,6.2897,NA,12.88,24.42,6.66,NA,NA,NA,1.05,14.7,NA,NA,15.029,1,10.46,22.38,8.98,NA,NA,NA,11.67621251,6.4275551676,10.46,0.5703323278,0.7515750293,7.5
"19","Northern Ill.","Kentucky",25,26.5,24.5,17.66,NA,26.5,26.21,NA,20,19.24,19.543,27.6,26,20.1,20.6,21.6,22.3,17.81,22.86,14,34.72997,23,27.53,30,27.942882967,27.59,28,0,21.9,29.89,18.09,16.37,27.18,22.28,25.960802064,33.75,29,15.47,29,28.6264,NA,22.81,28.9,19.53,NA,NA,NA,30.45,23.2,NA,NA,34.3035,20,30.3,27.948,20.64,NA,NA,NA,24.521268722,5.2143551005,24.5,0.466107876,0.9281736761,26.5
"20","New Mexico","LSU",28.5,31.5,18,24.07,NA,31.5,33.18,NA,10,24.56,15.16,20.67,22,33.8,32.5,33.9,29,17.34,26.31,19,28.04008,25.5,27.8,19,32.24220301,29.52,19,0,23.97,26.34,23.71,25.45,13.66,13.93,25.995964334,26.35,28,25.74,32,31.0091,NA,13.56,24.39,7.73,NA,NA,NA,7.6,29.6,NA,NA,28.6825,15,26.19,28.998,29.88,NA,NA,NA,24.032042961,7.0293423679,25.74,0.3765243888,0.916155541,30.5
"21","Akron","Liberty",26.5,26.5,28.5,21.45,NA,26.5,43.9,NA,21,20.27,19.314,32.34,32,24,25.3,27.3,29.2,18.12,26.06,27.5,34.57002,22.5,35.61,33,29.354395291,33.13,26,0,29.6,36.62,29.9,24.34,35.64,30.39,26.599789949,37.45,35,21.51,37,34.8624,NA,27.98,47.09,17.69,NA,NA,NA,50.45,30.6,NA,NA,27.566,23,32.14,35.801,29.09,NA,NA,NA,29.947386168,7.2317765553,29.354395291,0.5575917599,0.9564726838,26.5
"22","Louisiana-Lafayette","Louisiana-Monroe",-11.5,-9,-20,-9.69,NA,-9,-9.8,NA,-8,-12.09,-11.26,-13.57,-12,-9.6,-9.9,-12.7,-17.1,-12.53,-12.57,-18,-17.06002,-7.5,-14.55,-17,-10.41413541,-13.03,-6,0,-14.68,-16.89,-14.81,-15.35,-9.3,-19.6,-2.425661715,-12.75,-13,-13.16,-14,-19.0837,NA,-7.61,-10.27,-6.16,NA,NA,NA,-31.25,-11.5,NA,NA,-14.175,-17,-19.08,-13.059,-13.26,NA,NA,NA,-13.15761668,4.817004973,-13,0.4288195059,0.2146838028,-9.5
"23","South Florida","Louisville",12.5,14.5,12.5,14.9,NA,14.5,28.21,NA,9,20.45,12.082,17.56,16,16.9,16.9,16.6,12.5,17.39,14.29,19.5,13.09005,14.5,18.24,15,17.334051004,15.95,22,0,15.26,16.51,15.99,15.55,4.52,10,11.620134371,15.45,18,16.53,17,15.9468,NA,13.11,15.84,11.64,NA,NA,NA,8.2,12.8,NA,NA,18.193,2,22.26,13.265,13.81,NA,NA,NA,15.404442683,3.9882080533,15.84,0.5156703989,0.8257873588,14.5
"24","North Texas","Memphis",13,12.5,15.5,10.18,NA,12.5,27.75,NA,14,11.08,12.033,14.29,14,16.7,18.1,15.7,16.2,6.62,15.84,12,16.22,10.5,17.89,12,18.797355491,12.61,8,0,19.2,24.38,17.6,15.94,11.61,11.89,9.837281353,21.75,18,8.9,21,18.8282,NA,11.99,18,8.75,NA,NA,NA,14.75,16.5,NA,NA,17.3075,7,17.66,20.752,18.8,NA,NA,NA,15.336170624,4.4543071115,15.84,0.5488480196,0.8229747162,13
"25","Middle Tenn.","Miami (Fla.)",26,25.5,13,28.47,NA,25.5,20.22,NA,15,23.71,16.142,15.75,22,34.3,31.9,32.6,17.2,9.77,15.36,15,24.52006,22,21.83,21,24.146424155,9.95,8,0,16.63,17.71,16.17,18.6,20.67,20.54,10.488095165,14.95,18,17.13,27,16.5865,NA,11.26,17.86,7.7,NA,NA,NA,19,25,NA,NA,21.308,8,14.93,32.705,14.3,NA,NA,NA,19.079211147,6.5779541683,17.86,0.3928141748,0.8657635628,24.5
"26","Maryland","Michigan",17,17,13,16.47,NA,17,17.37,NA,7,15.07,11.127,16.32,20,18,16.6,18.3,20.2,15.71,14.61,18.5,15.77994,17.5,23.17,27,14.564898486,22.5,4,0,15.46,20.72,12.97,13.66,12.05,9.74,16.920900852,25.55,24,17.23,20,22.2248,NA,10.55,15.62,7.83,NA,NA,NA,5.05,16.6,NA,NA,14.231,10,19.66,21.213,16.07,NA,NA,NA,16.28236138,5.1009982529,16.47,0.4876819533,0.8347288505,17
"27","Minnesota","Michigan St.",2,-3,0.5,-0.64,NA,-3,-5.87,NA,4,9.01,2.422,0.35,-7,2.7,2.2,0.5,-7.1,0.47,-1.11,5,-0.3899696,2.5,-0.85,-6,3.7323988392,-2.86,11,0,-0.23,-3.61,1.62,1.44,-1.07,2.1,-0.779587241,-2.45,-1,2.49,-1,-2.5424,NA,3.34,2.69,3.69,NA,NA,NA,6.2,1.5,NA,NA,2.03,-7,0.7,-1.906,-0.1,NA,NA,NA,0.5971265581,3.6936066578,0.5,0.5622190934,0.5145580198,-2
"28","Tulsa","Mississippi",19,21.5,16.5,18.27,NA,21.5,23.91,NA,13,21.36,15.871,22.43,15,23.9,22.7,22.5,19.3,10.43,16.32,10,27.26003,17.5,21.66,25,25.71700485,15.94,15,0,19.15,23.92,17.85,17.26,19.09,19.19,17.896892721,17.35,19,12.58,24,20.001,NA,18.42,26.92,13.84,NA,NA,NA,33.4,24.4,NA,NA,24.6085,16,19.52,23.45,17.19,NA,NA,NA,19.734986688,4.7890840066,19.15,0.4696417128,0.8821688823,21.5
"29","Bowling Green","Mississippi St.",30,30.5,25.5,31.69,NA,30.5,32.96,NA,23,31.53,17.056,25.07,22,30.3,29.7,29.4,26.9,16.01,27.8,16.5,29.53005,24.5,31.84,25,33.569804657,32.65,25,0,25.13,27.27,26.33,25.89,29.42,26.87,25.120844349,22.95,31,25.09,26,28.9209,NA,20.78,29.47,16.1,NA,NA,NA,26.95,28.2,NA,NA,30.933,17,25.19,23.327,26.57,NA,NA,NA,26.395758116,4.4610394584,26.57,0.429508979,0.944634332,30
"30","Connecticut","NC St.",39.5,38.5,30,38.92,NA,38.5,53.88,NA,26,42.04,26.736,39.71,47,42.6,40.7,45.5,32.9,19.22,31.91,27.5,38.25001,30.5,42.16,39,35.469579598,40.28,34,0,36.12,40.38,37.56,35.67,35.17,28.9,33.77917305,39.55,41,25.6,47,42.8818,NA,34.45,46.13,28.17,NA,NA,NA,41.95,41.1,NA,NA,41.1145,33,42.59,43.92,32.96,NA,NA,NA,37.215606108,7.0031464316,38.92,0.4784163408,0.9837345368,38.5
"31","Hawaii","New Mexico St.",3,4.5,-12,4.13,NA,4.5,13,NA,-6,4.88,-1.007,-0.25,-2,5.1,5.7,3.8,-6.8,-7.94,-2.11,3,-0.01,3,-4.25,4,3.9204854675,-2.34,-11,0,-2.41,-2.57,-0.95,-4.94,-0.52,-3.61,2.2616214924,-1.25,-8,-0.62,-1,-2.6842,NA,-1.36,6,-5.32,NA,NA,NA,8.9,2.5,NA,NA,1.2495,-7,-6.61,-0.01,-4.74,NA,NA,NA,-0.719433272,5.1244100781,-1,0.411162862,0.4828609521,3.5
"32","Notre Dame","North Carolina",0,1.5,1.5,-1.92,NA,1.5,-8.57,NA,6,-1.38,3.558,-2.74,-1,-1.3,0.8,-1.4,-11,-1.73,-6.43,4.5,-4.489984,-3,-8.6,-6,-1.181662531,-11.03,4,0,-7.45,-5.25,-12.68,-10.04,12.48,4.32,4.69767262,-9.05,-8,-7.28,-6,-5.0776,NA,2.96,-5.22,7.37,NA,NA,NA,8.55,-4.1,NA,NA,-0.1435,11,-5.1,-4.203,-6.09,NA,NA,NA,-2.481862184,5.7827314398,-3,0.4324328341,0.4418077368,1
"33","Miami (Ohio)","Northwestern",7,7.5,0.5,9.6,NA,7.5,8.11,NA,-1,2.46,-3.659,2.63,-8,8.6,7.1,3.9,0.01,-6.13,9.43,-4.5,4.949988,4.7,6.03,3,5.0672447412,-1.71,-2,0,1.91,2.73,0.97,0.98,1.6,8.98,1.516250909,-2.65,-3,9.93,2,3.8774,NA,-2.87,-2.92,-2.85,NA,NA,NA,24.8,0.4,NA,NA,0.01,3,-3.74,-4.478,4.58,NA,NA,NA,2.1136252012,5.7644099622,1.6,0.4089461586,0.5496249068,6.5
"34","Wisconsin","Ohio St.",18,18.5,23,17.19,NA,18.5,19.25,NA,19,25.1,12.861,14.72,23,15.2,13.8,16.7,11.2,12.18,11.71,11.5,15.24,17.5,18.38,14,17.791481948,14.94,25,0,12.5,16.34,9.96,11.47,17.11,17.37,18.011945971,18.15,20,11.28,16,13.0667,NA,20.14,24.22,17.94,NA,NA,NA,20.6,20.7,NA,NA,13.244,12,19.91,17.746,14.3,NA,NA,NA,16.728398324,3.9614857091,17.11,0.4693214263,0.8458122114,18.5
"35","Kansas St.","Oklahoma",13,13,18.5,12.56,NA,13,12.81,NA,10,10.62,15.45,12.19,17,13.4,14.1,14.6,9.4,4.82,9.9,11.5,12.60996,12.5,11.83,-1,14.337492696,8.86,-3,0,12.57,14.11,11.44,13.42,9.16,20.48,11.769921692,14.25,15,11.23,11,11.8236,NA,14.69,16.23,13.87,NA,NA,NA,19.85,13.4,NA,NA,13.1285,6,17.34,17.012,14.51,NA,NA,NA,12.541197079,4.4072053519,12.81,0.4920755045,0.7759061258,13
"36","Arkansas St.","Old Dominion",3.5,5.5,0.5,8.61,NA,5.5,3.88,NA,4,17.63,8.297,3.83,15,9.8,8.4,9,1,15.44,0.91,11,5.820029,4.2,5.32,5,-1.270654924,3.99,3,0,0.55,0.43,-0.95,1.5,-6.57,7.6,13.281075154,5.35,9,5.19,10,6.4961,NA,3.73,-3.83,7.81,NA,NA,NA,10.15,1.5,NA,NA,6.867,-8,9.82,9.322,1.47,NA,NA,NA,5.6295941681,5.0928814571,5.32,0.5022249566,0.6317418363,5.5
"37","USC","Oregon St.",-6.5,-6,0.5,-3,NA,-6,-4.44,NA,3,16.6,2.954,-1.23,14,1.6,0.5,1.5,-8.9,9.17,-0.95,6.5,-10.12003,-5.3,-3.81,4,-6.966809133,5.81,-7,0,-3.94,-4.14,-5.25,-3.94,-0.83,-1.24,6.440439689,7.15,3,2.23,1,-0.4075,NA,-1.11,-7.55,2.35,NA,NA,NA,-23.05,-10.9,NA,NA,0.5215,-7,7.32,0.873,-7.69,NA,NA,NA,-0.575474406,6.9396823372,-0.4075,0.5904829202,0.4867949865,-5
"38","Central Mich.","Penn St.",26,28,23.5,22.13,NA,28,30.41,NA,22,21.41,15.439,27.94,23,29.7,27.6,26.7,26.9,9.51,25.88,6.5,31.34993,23.5,30.02,26,27.401860681,17.41,28,0,21.84,27.12,20.52,19.35,20.5,21.72,27.225293572,30.25,20,17.92,28,27.31,NA,19.78,20.79,19.25,NA,NA,NA,36.75,23.5,NA,NA,30.3485,26,20.65,29.278,21.59,NA,NA,NA,23.860292657,5.7416044773,23.5,0.4297516018,0.9205102304,28
"39","Florida Atlantic","Purdue",20.5,20,8.5,13.54,NA,20,28.64,NA,13,25.95,17.286,19.76,27,31.5,28.9,29.4,15.2,17.58,18.83,16,19.35002,16,21.01,24,16.573832639,24.16,22,0,14.33,16.42,14.62,13.31,18.26,9.36,20.745445687,26.85,25,13.15,23,23.5844,NA,15.78,28.43,8.97,NA,NA,NA,19.05,20.4,NA,NA,24.4545,12,26.93,29.748,17,NA,NA,NA,20.08307438,6.0971728841,19.35002,0.5014116639,0.8803894318,20
"40","Iowa","Rutgers",-8,-8,-5.5,-7.39,NA,-8,-7.99,NA,-1,-12.67,-5.968,-5.72,-16,-9.2,-8.5,-10.3,-24.3,-9.41,-10.39,-14,-12.33,-15,-13.23,-24,-2.282598889,-12.21,1,0,-12.23,-11.6,-15.28,-14.32,2.92,-9.04,-8.29125774,-20.15,-7,-10.86,-8,-22.4024,NA,7.56,8.84,6.87,NA,NA,NA,-13.55,-2.6,NA,NA,-10.045,5,-16.39,-13.563,-20.93,NA,NA,NA,-9.684936201,7.73902944,-10.3,0.4719637276,0.2923109509,-8
"41","TCU","SMU",0,-2,5.5,0.29,NA,-2,2.79,NA,0.25,-2.96,5.978,-3.03,3,-5.7,-4.9,-3.9,0.2,-2.46,-2.8,18.5,0.2000191,-1.1,-1.01,2,0.5801614842,5.5,7,0,-3.89,-8.04,0.01,-2.49,2.4,1.81,5.982030453,-0.55,10,1.48,-3,4.4922,NA,2.98,2.82,3.06,NA,NA,NA,-9.05,0.2,NA,NA,1.946,-4,-4.04,4.164,-0.01,NA,NA,NA,0.7968002567,4.8681920528,0.25,0.54800095,0.5190680677,-2
"42","Toledo","San Diego St.",0,-3,3,3.54,NA,-3,2.47,NA,-3,1.59,6.468,-0.01,2,4.5,3.2,3.2,-2,5.06,4.47,4,-2.720002,0.2,3.13,-10,0.9760730525,-1.55,-10,0,1.41,1.34,1.83,0.58,-0.01,-0.99,-5.985760212,11.45,4,5.08,2,-1.7659,NA,-3.02,-7.9,-0.41,NA,NA,NA,7.8,-3.4,NA,NA,-0.8995,-17,7.45,2.646,0.79,NA,NA,NA,0.9406723451,4.3812284265,1.41,0.567753744,0.5226922494,-2.5
"43","Western Mich.","San Jose St.",4,6.5,0.5,1.56,NA,6.5,1.74,NA,2,-2.36,-4.218,-3.28,-1,-1.7,-2.4,-1.5,-3.3,-8.1,-3.65,-0.5,6.299964,2.5,-0.26,2,4.2575196135,-7.43,-1,0,1.42,3.82,-1.03,-0.97,12.1,2.93,3.988538916,-4.05,-7,-3.16,7,-1.8575,NA,2.19,-6.12,6.65,NA,NA,NA,18.05,-2.3,NA,NA,-0.826,8,0.18,-2.974,-1.44,NA,NA,NA,0.1572214542,4.917484949,-0.97,0.3922688622,0.5037605485,5.5
"44","Louisiana Tech","South Alabama",12.5,13,6.5,6.15,NA,13,24.29,NA,12,14.43,11.208,12.68,14,11,10,14,5.2,10.87,8.04,12.5,11.48004,7.6,10.86,22,9.685124667,17.51,18,0,11.28,13.07,13.32,8.58,24.51,11.23,13.601450958,20.25,15,0.36,16,14.3735,NA,17.16,27.51,11.58,NA,NA,NA,36.25,15.3,NA,NA,17.5805,15,17.77,24.369,12.78,NA,NA,NA,14.229711991,6.4938144371,13.07,0.5207928046,0.7958384825,13
"45","Charlotte","South Carolina",22.5,22.5,18,20.6,NA,22.5,27.26,NA,16,25.15,19.474,23.61,24,30,28.1,29.9,22.4,17.85,21.43,14.5,28.96005,24.5,25.54,37,20.530806824,28.84,25,0,21.78,23.75,23.08,21.9,6.04,16.79,25.240050996,27.85,27,22.53,27,26.1986,NA,20.44,28.15,16.3,NA,NA,NA,16.05,27.4,NA,NA,23.863,8,29.85,33.733,24.14,NA,NA,NA,23.668128089,5.597707065,24,0.5199474797,0.9194164839,22.5
"46","Virginia","Syracuse",9.5,9.5,6,9.57,NA,9.5,14.31,NA,12,20.11,8.663,11.52,15,10.4,9.4,11.3,8.9,9.49,7.31,1.5,14.82,3.7,11.13,28,15.311720621,7.93,12,0,12.37,18.88,10.62,5.22,21.11,13.76,17.150396701,17.55,8,-1.59,16,11.0589,NA,13.37,21.06,9.24,NA,NA,NA,24.4,14.9,NA,NA,18.2175,15,14.9,15.542,9.04,NA,NA,NA,12.538686449,5.8114388744,12,0.551650789,0.770089237,9.5
"47","Massachusetts","Temple",10,9.5,11,7.23,NA,9.5,19.15,NA,5,6.84,10.952,10.32,8,9.2,11.2,9.4,11.2,4.71,13.56,10.5,14.60996,7.2,14.02,9,7.6951679862,5.36,9,0,15.8,17.74,15.38,16.2,10.83,15.22,13.343320255,11.45,13,10.95,7,10.0139,NA,8.67,12.95,6.36,NA,NA,NA,23.8,12.2,NA,NA,5.677,7,22.53,13.453,15.43,NA,NA,NA,11.468473215,4.4069647888,10.952,0.5339608723,0.7560235939,9.5
"48","Florida","Tennessee",10.5,10.5,6.5,11.73,NA,10.5,28.78,NA,12,19.52,5.925,14.88,22,15.6,14.4,16.1,6.9,13.74,6.04,8.5,20.19994,5.4,11.65,20,16.536862046,19.23,11,0,11.56,17.6,9.19,5.37,20.57,13.23,15.685305292,24.15,16,-0.19,12,15.2377,NA,13.91,18.33,11.54,NA,NA,NA,35.6,16.2,NA,NA,16.009,24,14.92,18.814,4.51,NA,NA,NA,14.345762961,6.6876778039,14.88,0.5646220709,0.7967358749,11
"49","Arkansas","Texas A&M",3,2,3,3.61,NA,2,-5.76,NA,1,-1.99,-7.581,-2.36,2,-4.6,-1.7,-3.6,3.5,-6.22,0.83,3,-3.879944,0.5,6.15,-4,2.6762707366,3.98,1,1,3.48,5.07,1.54,3.68,-3.63,0.24,-11.28125978,-0.7,2,5.02,4,-2.6012,NA,-1.03,6.42,-5.04,NA,NA,NA,-5.45,4.4,NA,NA,-3.9935,-4,-7.58,-8.737,2.22,NA,NA,NA,-0.521340303,4.4303794601,0.5,0.4565429234,0.4874287345,2
"50","Texas","Texas Tech",-4,-7,-6,-3.67,NA,-7,-3.92,NA,-4,-2.85,3.994,-7.29,3,-2.7,-3.3,-1.3,-15.7,5.5,-5.56,-2.5,-15.13001,-5.1,-11.45,-12,-12.058299,1.85,-4,0,-11.22,-14.2,-10.91,-10.16,3.62,-11.81,-6.056189407,-7.85,0.01,-4.11,-7,-11.4916,NA,-2.68,-6.05,-0.87,NA,NA,NA,-19.65,-9.5,NA,NA,-5.8485,-8,3.46,-3.745,-10.21,NA,NA,NA,-5.824781358,5.8161238173,-5.56,0.5200227834,0.3656745464,-7
"51","Marshall","Troy St.",-4,-3.5,-5.5,-4.72,NA,-3.5,-4.95,NA,-2,2.57,-4.176,-6.76,-1,-1.5,-2.2,-0.4,-8,-2.85,-2.86,-4.5,-0.6700447,-1.5,-7.14,-14,-3.180045514,-6.9,1,0,-4.67,-5.3,-5.82,-4.5,-11.17,-3.48,-5.404155309,-4.85,-7,-4.99,-2,-7.5939,NA,-2.6,-5.44,-1.06,NA,NA,NA,-4.85,-5.3,NA,NA,-5.7365,-10,0.15,-3.835,1.67,NA,NA,NA,-4.070131291,3.1786124524,-4.5,0.4900658322,0.4011196298,-3.5
"52","Southern Miss.","Tulane",13,13,15.5,11.13,NA,13,19.71,NA,14,12.89,12.809,16.1,19,17.4,15.9,16.2,13.9,13.84,15.03,14.5,15.17004,10.1,16.45,12,13.475726311,19.95,24,0,12.95,15.63,12.02,12.45,12.6,15.61,18.631897259,20.75,19,10.37,16,18.877,NA,14.58,10.87,16.57,NA,NA,NA,35.45,12.1,NA,NA,22.96,20,19.2,24.331,16.32,NA,NA,NA,16.193596827,4.6274396834,15.61,0.5548868818,0.8354127143,13
"53","Boise St.","UTEP",-15,-15.5,-15.5,-18.31,NA,-15.5,-23.76,NA,-13,-11.23,-9.282,-17.55,-18,-18.4,-17.8,-19.3,-26.2,-10.05,-17.42,-2.5,-20.82,-13.7,-22.92,-25,-18.57186137,-13.95,-28,0,-21.46,-24.1,-22.43,-22.43,-18.12,-11.88,-18.13778952,-18.95,-16,-21.34,-21,-23.909,NA,-10.36,-17.81,-6.35,NA,NA,NA,-13.55,-18.8,NA,NA,-19.705,-21,-15.92,-17.86,-21.11,NA,NA,NA,-17.73222444,5.3232776783,-18.13778952,0.461818888,0.1456423129,-16
"54","UNLV","Utah St.",-2.5,-3,6,5.04,NA,-3,-17.57,NA,-1,10.83,12.553,-6.57,2,1,3.4,1.7,1.3,7.31,1.62,12.5,1.070018,1.5,-2.3,-17,-5.104595147,8.18,-16,0,-8.34,-15.15,-8.04,0.01,-23.9,2.4,-10.32928842,-8.55,5,7.11,4,-2.9544,NA,-7.42,-25.41,2.26,NA,NA,NA,-10.5,-8.5,NA,NA,-0.385,-26,8.2,5.403,4.11,NA,NA,NA,-1.871564316,9.311027606,1.070018,0.5183614243,0.4596179721,-3
"55","West Va.","Virginia Tech",-2.5,-2.5,4.5,-3.7,NA,-2.5,-10.53,NA,2,0.01,1.135,-6.11,-4,-2.5,-1.5,-3.1,0.01,-1.98,-5.57,8.5,2.489974,0.3,-2.44,-3,-4.542844442,-15.13,-1,0,-3.78,-4.98,-5.42,-1.89,5.94,7.5,7.858694101,-6.05,-3,2.27,0.01,5.1005,NA,-0.13,-10.72,5.59,NA,NA,NA,20.65,-5.9,NA,NA,-0.5075,-4,-3.08,5.254,-1.07,NA,NA,NA,-0.756794799,6.0236170648,-1.5,0.5296186725,0.4822852964,-2.5
"56","Clemson","Wake Forest",-6.5,-7.5,-8,-8.33,NA,-7.5,-0.14,NA,-1,-0.78,3.455,-1.05,-3,-11.2,-11.5,-12.2,-8.2,-7.4,-5.66,1,-5.099984,-6.7,-7.22,-3,-11.25215249,-5.43,16,0,-6.88,-10.1,-4.02,-6.36,0.66,-3.75,-2.979449706,-4.35,-1,-4.71,-7,-7.713,NA,2.11,2.53,1.88,NA,NA,NA,-11.35,-7.4,NA,NA,-1.113,5,-2.59,-2.757,-7.6,NA,NA,NA,-4.213943865,5.2335584281,-4.71,0.5561549582,0.4008264605,-7.5
"57","Stanford","Washington",12.5,13.5,14,9.53,NA,13.5,20.47,NA,9,2.38,16.101,14.37,14,8,11.7,11.3,11.6,16.61,11.59,11,10.66,8.7,15.91,12,12.97532309,15.58,14,0,13.75,19.69,10.51,9.52,20.15,8.87,20.131369264,24.25,17,7.43,15,12.2317,NA,14.57,16.13,13.73,NA,NA,NA,53.1,13.6,NA,NA,19.74,14,21.51,18.959,12.54,NA,NA,NA,14.74159052,7.4112552584,13.75,0.5207569818,0.799186567,13.5
"58","Oregon","Washington St.",-5,-7,-1,-7.62,NA,-7,-10.05,NA,-1,-17.53,-0.601,-3.81,-4,-7.7,-6.3,-6.1,0.8,1.66,-2.38,-3,-2.28,-5.2,-7.11,-5,-8.223469129,-1.49,-7,0,-6.68,-10.52,-4.3,-5.27,6.15,2.08,-5.648845934,-5.85,0.01,-3.53,-10,0.1106,NA,-1.51,-7.46,1.69,NA,NA,NA,26.8,-9.2,NA,NA,-1.9285,2,1.06,2.664,0.45,NA,NA,NA,-3.158772443,6.453503077,-3.81,0.5647234488,0.4271207656,-7
"59","Florida Intl.","Western Kentucky",27,31,25.5,25.28,NA,31,41.62,NA,23,29.25,20.122,31.79,50,35,32.1,39.3,26.9,19.47,24.36,28,37.28998,24,33.45,50,28.7315164,47.1,31,0,27.13,31.74,29.51,23.29,23.58,31.98,32.234256632,47.15,44,21.73,33,37.9893,NA,22.49,34.72,15.89,NA,NA,NA,30.65,27.5,NA,NA,26.978,24,40.63,46.415,28.22,NA,NA,NA,31.630001233,8.5900109434,30.65,0.5103655447,0.9596846759,31
